Design Study 1,,,,,,,,,,,,,,,,,,,,,,,,,,,,,,,,,,,,,,,,,,,,,,,,,,,,,,,,,,,,,,,,,,,,,,,,,,,,,,,,,,,,,,,,,,,,,,,,,,,,,,,,,,,,,,,,,,,,,,,,,,,,,,,,,,,,,,,,,,,,,,,,,,,,,,,,,,,,,,,,,,,,,,,,,,,,,,,,,,,,,,,,,,,,,,,,,,,,,,,,,,,,
Scenarios/Iterations:,200,,,,,,,,,,,,,,,,,,,,,,,,,,,,,,,,,,,,,,,,,,,,,,,,,,,,,,,,,,,,,,,,,,,,,,,,,,,,,,,,,,,,,,,,,,,,,,,,,,,,,,,,,,,,,,,,,,,,,,,,,,,,,,,,,,,,,,,,,,,,,,,,,,,,,,,,,,,,,,,,,,,,,,,,,,,,,,,,,,,,,,,,,,,,,,,,,,,,,,,,,,,
Parameter Constraint or Goal,Format,Unit,Initial Value,Optimal Value,Scenario 1,Scenario 2,Scenario 3,Scenario 4,Scenario 5,Scenario 6,Scenario 7,Scenario 8,Scenario 9,Scenario 10,Scenario 11,Scenario 12,Scenario 13,Scenario 14,Scenario 15,Scenario 16,Scenario 17,Scenario 18,Scenario 19,Scenario 20,Scenario 21,Scenario 22,Scenario 23,Scenario 24,Scenario 25,Scenario 26,Scenario 27,Scenario 28,Scenario 29,Scenario 30,Scenario 31,Scenario 32,Scenario 33,Scenario 34,Scenario 35,Scenario 36,Scenario 37,Scenario 38,Scenario 39,Scenario 40,Scenario 41,Scenario 42,Scenario 43,Scenario 44,Scenario 45,Scenario 46,Scenario 47,Scenario 48,Scenario 49,Scenario 50,Scenario 51,Scenario 52,Scenario 53,Scenario 54,Scenario 55,Scenario 56,Scenario 57,Scenario 58,Scenario 59,Scenario 60,Scenario 61,Scenario 62,Scenario 63,Scenario 64,Scenario 65,Scenario 66,Scenario 67,Scenario 68,Scenario 69,Scenario 70,Scenario 71,Scenario 72,Scenario 73,Scenario 74,Scenario 75,Scenario 76,Scenario 77,Scenario 78,Scenario 79,Scenario 80,Scenario 81,Scenario 82,Scenario 83,Scenario 84,Scenario 85,Scenario 86,Scenario 87,Scenario 88,Scenario 89,Scenario 90,Scenario 91,Scenario 92,Scenario 93,Scenario 94,Scenario 95,Scenario 96,Scenario 97,Scenario 98,Scenario 99,Scenario 100,Scenario 101,Scenario 102,Scenario 103,Scenario 104,Scenario 105,Scenario 106,Scenario 107,Scenario 108,Scenario 109,Scenario 110,Scenario 111,Scenario 112,Scenario 113,Scenario 114,Scenario 115,Scenario 116,Scenario 117,Scenario 118,Scenario 119,Scenario 120,Scenario 121,Scenario 122,Scenario 123,Scenario 124,Scenario 125,Scenario 126,Scenario 127,Scenario 128,Scenario 129,Scenario 130,Scenario 131,Scenario 132,Scenario 133,Scenario 134,Scenario 135,Scenario 136,Scenario 137,Scenario 138,Scenario 139,Scenario 140,Scenario 141,Scenario 142,Scenario 143,Scenario 144,Scenario 145,Scenario 146,Scenario 147,Scenario 148,Scenario 149,Scenario 150,Scenario 151,Scenario 152,Scenario 153,Scenario 154,Scenario 155,Scenario 156,Scenario 157,Scenario 158,Scenario 159,Scenario 160,Scenario 161,Scenario 162,Scenario 163,Scenario 164,Scenario 165,Scenario 166,Scenario 167,Scenario 168,Scenario 169,Scenario 170,Scenario 171,Scenario 172,Scenario 173,Scenario 174,Scenario 175,Scenario 176,Scenario 177,Scenario 178,Scenario 179,Scenario 180,Scenario 181,Scenario 182,Scenario 183,Scenario 184,Scenario 185,Scenario 186,Scenario 187,Scenario 188,Scenario 189,Scenario 190,Scenario 191,Scenario 192,Scenario 193,Scenario 194,Scenario 195,Scenario 196,Scenario 197,Scenario 198,Scenario 199,Scenario 200
,,,,,Calculated,Calculated,Calculated,Calculated,Estimated,Calculated,Calculated,Calculated,Calculated,Calculated,Estimated,Calculated,Calculated,Calculated,Calculated,Calculated,Calculated,Estimated,Calculated,Calculated,Calculated,Calculated,Calculated,Calculated,Calculated,Calculated,Calculated,Calculated,Calculated,Calculated,Calculated,Calculated,Calculated,Calculated,Calculated,Calculated,Calculated,Calculated,Calculated,Calculated,Calculated,Calculated,Calculated,Calculated,Calculated,Calculated,Calculated,Calculated,Calculated,Calculated,Calculated,Calculated,Calculated,Calculated,Calculated,Calculated,Calculated,Calculated,Calculated,Calculated,Calculated,Estimated,Calculated,Calculated,Calculated,Calculated,Calculated,Calculated,Calculated,Calculated,Calculated,Calculated,Calculated,Calculated,Estimated,Calculated,Calculated,Calculated,Calculated,Estimated,Calculated,Calculated,Calculated,Calculated,Calculated,Calculated,Estimated,Estimated,Calculated,Estimated,Calculated,Calculated,Calculated,Calculated,Calculated,Calculated,Estimated,Calculated,Calculated,Calculated,Calculated,Calculated,Calculated,Calculated,Calculated,Estimated,Calculated,Calculated,Calculated,Calculated,Estimated,Calculated,Calculated,Calculated,Estimated,Calculated,Calculated,Calculated,Calculated,Calculated,Calculated,Calculated,Calculated,Calculated,Calculated,Calculated,Calculated,Calculated,Calculated,Calculated,Calculated,Estimated,Calculated,Calculated,Calculated,Calculated,Calculated,Calculated,Calculated,Calculated,Calculated,Calculated,Estimated,Calculated,Calculated,Estimated,Calculated,Calculated,Calculated,Calculated,Calculated,Calculated,Calculated,Calculated,Calculated,Calculated,Calculated,Calculated,Calculated,Calculated,Calculated,Calculated,Calculated,Calculated,Calculated,Calculated,Calculated,Calculated,Calculated,Calculated,Calculated,Calculated,Calculated,Calculated,Calculated,Calculated,Calculated,Calculated,Calculated,Calculated,Calculated,Calculated,Calculated,Calculated,Calculated,Calculated,Estimated,Estimated,Calculated,Calculated,Calculated,Calculated,Estimated,Calculated,Calculated,Calculated,Calculated,Calculated,Calculated,Calculated
H,,in,34.32281,39.05243,37.91589,39.674,32.64246,37.56433,37.84558,39.28699,37.95105,34.99792,33.29285,39.48,36.10535,31.8866,31.18347,34.34753,34.76941,37.01941,37.828,33.8905,38.67175,33.25769,38.88049,31.42737,34.31018,32.09534,31.60315,38.35315,39.21448,38.7926,38.30042,31.69104,37.87854,37.28088,35.03088,38.82776,36.29651,31.44495,39.17932,39.742,35.81311,34.26624,37.00842,36.72717,36.19983,37.60608,34.79358,32.40295,32.47327,35.28577,33.87952,34.42444,31.33069,38.22131,37.37756,36.18225,38.99475,38.95959,39.522,36.00647,39.944,37.41272,36.21741,39.31116,33.54114,37.40833,38.81458,35.0177,31.53723,37.44348,33.43567,39.06067,31.06262,31.20325,35.77356,39.852,37.88293,35.7384,37.63684,31.87122,37.77747,33.26868,31.1593,32.63586,36.15149,32.24915,36.53821,35.27258,36.11633,36.67883,38.34875,33.98938,37.99719,31.80969,31.95032,37.82141,34.51672,35.36102,36.41571,36.13446,35.04462,33.63837,34.06024,39.05243,38.77118,36.94305,38.3493,39.773,36.25751,32.32001,37.59344,37.55829,34.88641,35.44891,37.41766,33.84052,34.12177,39.11395,39.536,35.98505,31.90692,32.75067,38.92059,31.32684,39.13153,39.975,35.58075,36.28387,31.22137,37.33856,38.46356,33.68231,38.18231,38.04169,34.94794,38.74921,33.47577,39.10077,37.02655,38.29218,36.32343,35.69061,32.73749,31.04999,36.69257,37.25507,34.72382,31.48944,38.80194,33.10663,33.95038,31.10272,33.91522,33.63397,34.3371,35.18085,39.611,35.39178,35.52362,34.67987,33.55487,34.258,32.78143,38.96893,33.09784,37.17596,39.988,35.20721,38.5119,31.62128,32.1662,32.7287,39.901,37.15839,31.39276,38.70526,39.373,35.08417,37.61542,38.18011,36.00043,39.797,34.1723,36.03558,34.84027,31.32465,39.19965,31.6059,38.23285,39.14691,36.75629,34.47113,35.45551,34.61176,39.885,36.36957,38.90961,34.62054,38.13617,37.85492,31.8432,38.94476
L1,,in,18.14325,18.31793,20.46521,14.62927,13.78552,18.98865,19.2699,16.56287,14.5238,14.94568,21.15076,14.96326,16.08826,16.36951,21.29138,21.78357,16.58044,14.33044,14.78748,15.34998,15.63123,13.87341,20.03674,16.80237,21.65393,20.0719,14.37659,16.62659,15.23792,18.75354,21.77698,13.4801,19.6676,20.40588,18.15588,21.67151,19.70276,21.31995,19.77307,14.71057,16.38928,13.99866,16.74084,20.95959,15.72131,16.56506,20.50256,15.86194,19.72913,18.04163,18.88538,17.21545,18.6217,13.69983,13.41858,20.23889,16.30139,18.72717,15.91467,17.7428,13.8053,16.33655,15.98499,15.70374,13.00989,21.93958,13.78333,17.0177,16.13879,13.04504,19.58411,18.45911,14.96106,21.85168,20.37512,13.20325,20.797,14.64465,16.26184,19.21497,17.80872,20.03235,19.89172,15.46204,20.38391,21.89563,19.85657,21.40344,17.74719,20.55969,20.01477,17.9054,15.86633,20.92883,18.81946,16.46399,14.2843,18.07184,13.78278,18.56403,17.54449,16.13824,21.34137,18.31793,15.78668,13.67731,13.39606,18.75739,17.77301,16.08551,20.09332,14.92535,15.62848,19.56598,17.03473,14.82867,19.60992,17.57086,19.68024,15.21539,17.60602,19.01227,18.46735,21.5611,21.91266,17.69391,19.13531,18.15094,20.96344,18.36188,21.73688,13.01813,17.51813,15.69,13.72125,20.31744,17.57526,18.70026,20.63385,17.11823,20.21198,18.31354,17.89166,20.70416,17.34674,17.90924,19.31549,14.11237,19.17487,14.46393,19.80768,13.51471,15.20221,15.48346,17.31158,15.90533,17.24127,16.96002,21.02936,17.93561,14.56061,13.57623,18.56842,14.63092,21.20514,16.00201,16.56451,16.84576,21.13483,16.77545,19.60553,15.66803,15.80865,20.51959,15.03522,17.84772,21.25787,19.50006,16.96881,13.56525,17.29181,14.33868,13.21368,17.67853,20.28009,16.48322,17.60822,13.95197,16.92267,21.35236,20.93048,16.32501,21.24689,18.15314,19.77032,16.8172,19.33966,15.89435,14.90997,19.69122,15.15607,15.64825
L2,,in,12.75818,15.70618,28.11157,7.2522,6.3147,29.28345,26.47095,18.15063,21.19751,25.41626,7.66235,28.28735,17.03735,21.72485,24.0686,27.11548,7.89673,30.39673,16.21704,18.09204,20.90454,15.51392,28.20679,19.30054,6.40991,5.35522,7.93335,30.43335,6.11694,25.33569,23.22632,19.00757,5.88257,15.37476,22.87476,16.78101,13.96851,22.17163,13.26538,33.89038,14.70093,30.16968,11.1853,15.8728,12.94312,28.88062,27.00562,17.16187,19.73999,21.61499,5.67749,27.1814,18.7439,12.65015,11.71265,25.07202,26.94702,33.62671,13.00171,28.47046,30.34546,33.15796,22.61108,32.92358,8.35815,22.65503,16.09253,24.06128,16.44409,30.50659,29.33472,25.58472,22.24487,17.08862,16.3855,32.79175,29.97925,10.40894,21.89331,5.48706,8.29956,9.73511,23.32886,22.15698,31.06323,12.66479,21.33667,16.18042,7.74292,13.36792,27.48901,28.89526,19.75464,6.62964,22.09839,28.30933,29.94995,13.94836,8.55774,18.87024,7.9718,8.9093,6.56555,15.70618,16.64368,20.86243,34.92493,23.73352,24.20227,18.57727,15.5304,7.67883,22.21008,9.08508,21.27258,17.72766,5.54016,29.21204,21.24329,29.32922,6.36047,20.42297,8.17688,14.73938,17.3175,25.755,18.37219,11.34094,5.71594,14.38782,33.13782,24.70032,9.70032,30.79407,16.73157,34.88098,8.86536,12.61536,29.84192,20.93567,8.74817,9.92004,6.63879,16.01379,30.0177,16.8927,19.7052,9.86145,15.48645,6.34583,27.90833,19.58801,21.46301,14.90051,6.93176,22.86926,23.57239,18.88489,29.16809,20.73059,16.98059,9.01184,22.83997,32.21497,27.41028,19.44153,21.31653,16.62903,20.6134,25.76965,6.14075,26.76575,31.922,22.31262,5.90637,19.03137,23.36731,12.82043,32.50793,5.59143,27.85706,9.57581,13.32581,21.41174,9.92737,19.77112,16.02112,24.45862,24.04846,25.22034,7.87659,22.7594,26.97815,16.66565,27.21252,32.36877,9.42932,30.2887,10.13245,12.94495,21.03088,17.51526
L3,,in,9.18542,3.9303,10.09546,3.29858,1.73608,5.32983,2.51733,5.29077,5.83765,10.0564,6.48218,8.35718,7.10718,2.41968,9.76343,2.65405,3.1228,5.6228,10.89624,2.77124,6.83374,2.22437,3.61353,5.64478,6.19165,9.43384,2.32446,4.82446,2.96899,2.81274,2.10962,6.95337,6.32837,5.19556,2.69556,9.72681,2.53931,7.77368,7.30493,10.42993,5.84985,8.5061,10.92798,8.74048,9.95142,3.38892,2.76392,5.73267,6.59204,2.21704,8.77954,7.74438,8.05688,4.46313,1.65063,3.44751,4.07251,9.65845,6.53345,5.1272,2.0022,9.8147,4.89282,2.70532,8.3938,8.31567,7.37817,4.40942,2.26099,2.57349,8.27661,9.52661,1.53833,7.31958,3.64771,7.55396,2.86646,9.15552,3.29614,10.63989,9.70239,7.38794,9.10669,5.59106,9.18481,5.47388,8.052,8.20825,2.27075,6.64575,3.30591,1.89966,7.44653,8.07153,2.29028,7.01685,3.03247,2.87561,4.67249,4.98499,4.32092,9.63342,1.97717,3.9303,8.6178,2.21155,4.39905,4.30139,9.77014,9.14514,10.62952,4.96545,9.4967,6.3717,10.4342,4.85803,4.54553,7.12366,4.77991,5.60022,1.38147,9.19397,2.026,6.0885,9.29163,8.35413,8.94006,3.15881,10.03381,8.08069,6.83069,5.89319,10.89319,4.17444,4.48694,10.67346,5.90784,2.15784,9.54065,4.3844,10.9469,8.99377,4.15002,9.77502,4.56018,1.43518,2.37268,7.84143,8.46643,9.16956,8.85706,8.89612,4.52112,2.95862,9.05237,1.86487,10.53674,3.97424,9.33557,4.02307,7.77307,4.17932,6.2887,6.9137,2.73401,4.14026,8.51526,5.70276,5.78088,6.87463,10.9176,7.7926,5.76135,6.46448,3.80823,4.43323,9.47229,4.23792,2.67542,5.03625,8.70813,1.98938,5.73938,4.37219,6.79407,1.95032,8.20032,5.38782,2.86829,6.85266,10.75891,2.67297,10.32922,6.26672,1.5011,6.03235,3.0929,5.82727,6.60852,8.17102,6.96008,7.50696
L4,,in,9.06506,3.16785,11.73413,10.09351,5.40601,5.56226,12.12476,10.36694,6.22632,8.57007,5.73804,6.36304,10.11304,6.05054,10.89429,5.19116,6.90991,9.40991,9.91772,3.04272,12.73022,10.93335,9.01196,6.04321,10.80884,3.42603,5.69165,8.19165,5.04712,7.07837,9.34399,12.00024,3.87524,5.94556,8.44556,4.22681,4.53931,3.83618,10.24243,8.36743,11.93188,11.46313,10.44751,10.76001,11.58032,3.14282,12.51782,3.29907,5.8772,5.2522,11.8147,4.60767,9.92017,10.38892,3.82642,8.12329,6.24829,11.67798,12.30298,8.39673,6.52173,6.83423,5.1936,8.6311,6.6438,5.62817,11.56567,6.09692,9.49536,11.05786,6.91724,5.66724,9.90552,7.87427,3.26489,6.85864,8.42114,8.46021,9.00708,7.60083,12.91333,10.50122,5.96997,7.2981,10.89185,6.39966,3.35278,9.44653,10.38403,4.75903,9.46606,12.12231,9.38794,6.26294,12.04419,11.84888,12.552,5.55066,3.91003,7.34753,8.08972,7.15222,12.30847,3.16785,12.23035,12.3866,6.4491,11.46863,8.49988,9.12488,6.85925,12.36707,11.27332,11.89832,6.58582,9.87683,10.81433,8.86121,7.14246,7.72839,3.19714,11.63464,7.59167,7.27917,5.63855,3.45105,11.84949,4.19324,9.81824,5.67761,9.42761,7.24011,12.24011,4.27136,5.83386,12.91882,11.12195,12.37195,8.89539,10.30164,9.98914,7.72351,9.44226,5.06726,5.98523,7.86023,12.54773,11.45398,4.57898,7.93835,12.00085,4.07117,7.19617,4.38367,11.72742,3.28992,7.89929,8.21179,11.62,10.6825,6.9325,8.96375,5.13562,10.76062,10.64343,10.48718,11.11218,5.17468,12.28406,11.81531,4.60828,3.98328,7.26453,12.03015,3.4364,12.8114,4.64734,3.94421,9.25671,3.11169,10.22107,9.43982,8.18982,5.10388,9.86951,8.15076,11.90076,10.96326,11.41248,12.58435,7.7406,5.04529,9.88904,12.70154,10.90466,11.99841,12.51599,5.71912,11.18787,9.62537,3.9613,7.94568
L5,,in,15.51733,11.0813,26.73193,26.57568,28.45068,19.38818,13.76318,10.09131,23.68506,27.12256,18.3335,24.5835,12.0835,27.7085,16.146,27.86475,12.55225,17.55225,21.22412,9.97412,24.34912,12.63037,17.93799,23.25049,15.59424,25.04736,16.14111,11.14111,24.30518,11.49268,13.83643,24.77393,21.02393,12.8208,17.8208,18.1333,28.7583,10.78955,21.10205,19.85205,22.29346,10.73096,23.38721,27.76221,20.96533,27.84033,21.59033,24.40283,15.49658,19.24658,27.37158,18.66064,25.53564,18.97314,24.59814,13.50439,24.75439,20.30127,19.05127,25.61377,11.86377,22.48877,23.89502,9.52002,11.69775,24.354,17.479,17.1665,16.93213,21.30713,26.46338,18.96338,15.48682,23.92432,10.01807,15.95557,11.58057,15.56494,11.34619,15.40869,14.78369,11.09229,13.27979,17.49854,18.43604,20.38916,23.35791,13.67041,10.54541,11.79541,18.00635,11.44385,23.7876,27.5376,14.7251,9.64697,18.24072,21.15942,11.94067,17.56567,15.61255,12.48755,20.92505,11.0813,16.7063,18.8938,24.5188,10.10474,14.79224,28.54224,28.69849,21.90161,10.96411,9.71411,9.08911,17.74146,12.11646,9.14771,28.83521,24.22583,23.91333,25.78833,11.99927,10.12427,28.40552,21.53052,22.54614,15.35864,24.10864,14.26489,21.76489,18.63989,28.63989,10.82739,27.70239,19.25513,17.22388,24.72388,28.08325,28.39575,16.52075,14.177,11.3645,12.6145,12.65356,13.90356,12.02856,12.34106,18.59106,24.37231,17.49731,26.95044,13.20044,17.57544,20.38794,28.51294,14.91919,19.29419,19.5481,22.6731,20.1731,17.9856,9.39185,15.64185,10.56372,17.12622,23.37622,17.75122,26.65747,15.09497,26.38403,25.13403,12.32153,24.66528,19.35278,25.60278,15.36841,23.64966,23.02466,23.96704,15.06079,15.37329,27.87329,10.60767,14.51392,14.82642,12.32642,10.45142,14.47485,11.1936,12.7561,12.20923,21.27173,24.39673,12.67798,11.74048,14.92407,10.70532,10.39282,16.01782,23.7522,10.47095
L7,,in,21.97986,12.80627,11.73071,16.65259,20.59009,16.93384,9.62134,8.14478,23.75415,20.6604,16.61743,8.74243,10.99243,11.55493,15.21118,14.22681,21.25806,7.75806,15.98462,17.10962,24.42212,9.65649,13.25562,20.28687,13.11499,20.21655,9.66968,23.16968,13.15015,24.6814,12.72827,18.63452,8.50952,23.34546,9.84546,16.87671,10.68921,23.20483,24.61108,16.73608,10.88257,11.16382,16.92944,15.24194,21.07788,12.64038,22.76538,23.04663,15.59351,12.21851,21.78101,17.73804,11.55054,11.26929,17.45679,17.31616,20.69116,14.85522,9.23022,7.82397,13.44897,23.01147,13.30835,23.99585,17.64136,22.28198,7.09448,18.62573,8.99292,15.18042,15.88354,18.13354,22.24683,14.09058,11.4187,10.01245,20.69995,17.39526,18.37964,24.84839,19.78589,22.22925,9.573,14.21362,19.55737,17.09644,16.11206,18.08081,20.89331,22.01831,22.68628,22.96753,21.1394,15.5144,11.29565,22.19409,13.61597,24.40784,10.48596,21.17346,20.8219,10.1344,8.72815,12.80627,20.11877,13.08752,24.90002,11.22424,13.19299,21.06799,18.67737,7.77893,7.49768,15.37268,12.56018,14.05432,17.99182,17.2887,13.63245,11.31213,14.96838,23.40588,7.26917,13.45667,14.15979,23.72229,12.96448,17.74573,14.37073,9.44885,7.19885,7.76135,16.76135,10.8551,13.6676,20.51428,8.27991,24.02991,13.41272,21.00647,8.06897,18.61584,16.64709,17.77209,9.51038,12.88538,8.94788,16.54163,10.91663,23.99475,9.93225,19.70569,16.33069,7.89319,20.54944,13.23694,7.19006,15.62756,7.27795,13.46545,11.21545,24.4342,12.19983,24.57483,9.03577,12.69202,13.81702,8.75452,9.45764,13.67639,8.43811,14.06311,22.78186,7.73499,13.07874,23.20374,23.27405,10.75842,7.94592,20.51868,13.3468,19.81555,13.06555,24.38586,16.93274,8.21399,19.46399,17.77649,10.92102,15.2804,16.68665,23.08508,21.67883,13.24133,16.75696,8.60071,12.87219,19.76282,8.23157,23.41907,12.09875,24.89563
L8,,in,8.81409,8.83728,5.56763,11.58325,6.89575,12.677,12.3645,12.48169,6.46606,11.93481,6.91528,7.54028,13.79028,6.60278,5.82153,8.55591,8.08716,5.58716,12.96997,13.59497,5.78247,6.01685,13.68042,8.21167,8.28979,12.46948,7.70386,5.20386,13.03589,13.50464,6.23901,8.89526,12.02026,11.59058,14.09058,11.43433,6.74683,6.3562,14.01245,9.63745,8.55347,9.33472,9.25659,6.44409,14.99878,13.43628,5.31128,9.21753,10.7019,12.5769,14.1394,9.11987,10.05737,6.46362,8.65112,10.60425,12.47925,10.79956,5.17456,10.95581,11.58081,6.26831,5.87769,9.31519,11.34155,14.07593,5.01343,7.98218,14.81812,12.63062,6.45874,12.70874,9.44702,10.85327,7.65015,13.7439,9.0564,9.09546,10.26733,10.11108,6.04858,10.25757,11.35132,13.61694,5.02319,8.57788,13.18726,5.84351,9.90601,10.53101,13.01147,11.60522,14.3396,7.4646,10.74585,6.25366,9.45679,5.67322,10.12634,12.93884,12.50916,9.69666,7.66541,8.83728,13.52478,5.55603,9.61853,6.82556,6.35681,8.23181,12.21619,10.77087,11.55212,7.17712,7.48962,11.95251,14.76501,9.53064,5.31189,14.02283,5.74158,7.30408,11.03455,14.47205,6.58142,14.39392,7.79236,7.01111,6.38611,5.21423,11.46423,14.90173,9.90173,10.99548,11.30798,6.45935,6.69373,12.94373,10.48279,12.82654,13.13904,5.87341,10.09216,9.46716,13.86169,9.48669,14.17419,11.83044,9.95544,14.25232,5.18982,9.99451,6.86951,14.68201,10.15076,11.71326,9.91638,12.10388,12.09412,13.65662,12.40662,12.87537,10.76599,7.64099,14.3988,5.18005,8.30505,11.11755,6.66443,10.57068,5.55115,11.17615,9.4574,9.53552,9.37927,11.25427,11.21521,10.66833,10.98083,10.51453,6.0614,13.09265,6.84265,6.88171,7.74109,5.08484,6.33484,13.52234,13.38562,11.58875,10.495,14.04968,13.58093,5.14343,5.53406,7.87781,6.79382,6.24695,8.2782,6.0907,5.19226,5.27039
A2,,deg,101.90887,121.71173,157.79724,120.88318,160.72693,105.6488,173.61755,103.01208,159.84802,170.3949,153.25623,101.69373,111.06873,155.59998,173.1781,119.85779,174.93591,156.18591,141.83044,165.26794,120.73669,155.30701,113.39417,107.53479,154.99573,133.60901,124.81995,106.06995,121.45081,171.84143,144.30237,143.13049,100.94299,173.30627,154.55627,122.91565,144.0094,131.70471,118.81409,142.25159,139.98108,143.4967,164.00452,156.97327,173.67249,101.01624,143.20374,158.43811,166.0553,170.7428,102.77405,122.54944,134.26819,154.19006,123.72131,141.88538,137.19788,135.14709,149.20959,157.41272,115.22522,169.13147,154.48303,124.01428,107.7179,122.36633,134.08508,137.60071,169.5343,120.31555,139.65149,167.77649,155.91125,114.89563,100.24719,129.54407,122.51282,102.88391,143.3136,137.45422,172.61047,146.75598,161.99036,144.99817,155.54504,101.34583,142.94739,155.83801,101.93176,115.99426,152.46887,155.9845,127.27356,160.08606,126.10168,163.30872,139.28528,103.2547,143.68439,141.34064,110.57892,103.54767,121.12579,121.71173,128.74298,108.82111,172.10236,136.21368,160.82306,137.38556,102.81525,100.17853,108.38165,159.94415,143.5379,166.46271,173.49396,131.8924,114.31427,170.2713,115.19318,159.72443,113.58185,144.0506,104.79279,163.38654,153.13263,168.367,154.3045,154.89044,145.51544,161.92169,124.42169,165.43732,134.96857,110.83527,165.32745,155.95245,166.7923,123.43292,121.08917,111.12823,107.61261,112.30011,117.72003,169.28253,129.43878,158.73566,125.92316,158.14972,174.55597,167.81769,172.50519,118.59894,129.14581,145.55206,149.65363,114.49738,117.93976,139.03351,129.65851,116.76788,118.5257,151.3382,113.54523,170.9671,166.2796,135.81085,149.28741,129.36554,109.88312,170.82062,111.05499,139.76593,131.56281,173.75031,123.06671,152.94952,169.35577,169.66705,146.81549,166.73737,138.61237,144.17877,138.90533,111.95221,140.07721,165.85846,142.56744,164.24713,144.32526,165.12604,145.20416,124.11041,149.30573,101.25885,101.18561,154.50592,122.8653,125.20905,119.64264,103.82233
D,,in,0.42833,0.36937,0.44631,0.16975,0.4135,0.34788,0.62913,0.40178,0.46272,0.62209,0.5553,0.2178,0.4428,0.64905,0.20842,0.57874,0.13811,0.58811,0.51077,0.62327,0.45452,0.5342,0.54578,0.4989,0.51296,0.41687,0.11218,0.56218,0.12742,0.58679,0.57273,0.4321,0.5446,0.41101,0.26101,0.32664,0.60789,0.3782,0.18132,0.36882,0.20417,0.58855,0.30261,0.47136,0.48777,0.50652,0.46902,0.64714,0.33308,0.37058,0.61433,0.54519,0.60144,0.64832,0.32957,0.37175,0.55925,0.50066,0.31316,0.15378,0.34128,0.58503,0.53347,0.21472,0.50095,0.40251,0.45876,0.35564,0.51736,0.38611,0.55017,0.62517,0.31931,0.44119,0.45525,0.61462,0.18337,0.47634,0.63103,0.05916,0.45291,0.46755,0.13943,0.54724,0.21912,0.50271,0.55427,0.2824,0.56365,0.52615,0.44529,0.64216,0.2156,0.1781,0.18748,0.37732,0.62576,0.33422,0.21703,0.42328,0.58969,0.15844,0.39281,0.36937,0.20062,0.51,0.22875,0.0682,0.60258,0.34008,0.53226,0.54867,0.31429,0.50179,0.55804,0.34769,0.44144,0.46488,0.54926,0.11097,0.64535,0.3641,0.51293,0.34418,0.41449,0.62074,0.47777,0.5434,0.5809,0.63246,0.10746,0.61371,0.31371,0.43558,0.60433,0.46869,0.539,0.614,0.43822,0.39135,0.4851,0.35853,0.51791,0.55541,0.5097,0.3222,0.56595,0.59408,0.40658,0.43939,0.42064,0.32924,0.36674,0.61049,0.37611,0.61986,0.63392,0.42767,0.58646,0.26771,0.64271,0.40834,0.6474,0.3849,0.19974,0.56537,0.15287,0.32162,0.56068,0.53256,0.60873,0.27123,0.3931,0.59467,0.11654,0.30404,0.46576,0.54545,0.5267,0.44012,0.30419,0.59481,0.51981,0.32528,0.42372,0.45184,0.52684,0.50809,0.38036,0.34755,0.60067,0.17177,0.38739,0.59364,0.36395,0.46708,0.42548,0.34579,0.24266,0.37391,0.17938,0.48407
T,,in,0.15278,0.08192,0.22618,0.28009,0.32697,0.10665,0.11603,0.22267,0.31876,0.2297,0.31818,0.29943,0.26193,0.14005,0.17286,0.09083,0.31115,0.23615,0.3381,0.16935,0.23497,0.22794,0.18085,0.26991,0.21132,0.11874,0.32733,0.25233,0.24823,0.14979,0.24589,0.2787,0.22245,0.21893,0.29393,0.27987,0.1955,0.18846,0.30565,0.2869,0.23446,0.20165,0.3118,0.24618,0.16766,0.27079,0.32704,0.0786,0.29188,0.08563,0.28251,0.2702,0.24208,0.25614,0.24677,0.24911,0.30536,0.25028,0.26903,0.34872,0.21747,0.11434,0.187,0.19637,0.28353,0.314,0.34213,0.32806,0.3058,0.22142,0.20033,0.23783,0.27709,0.21615,0.33099,0.25131,0.16693,0.23373,0.2642,0.30638,0.33451,0.15023,0.30492,0.31664,0.32133,0.24281,0.12797,0.32953,0.1889,0.28265,0.19418,0.26449,0.2809,0.22465,0.23871,0.34301,0.18597,0.20027,0.29168,0.26356,0.09363,0.32801,0.28582,0.08192,0.29754,0.33035,0.32098,0.33445,0.24539,0.22664,0.29461,0.24188,0.27469,0.25594,0.22781,0.34881,0.20818,0.16365,0.12147,0.3242,0.11326,0.32889,0.18182,0.32244,0.31072,0.26385,0.20174,0.30955,0.1408,0.2369,0.3494,0.07752,0.22752,0.30721,0.22283,0.14476,0.15648,0.19398,0.34749,0.29593,0.1928,0.2139,0.34046,0.13421,0.24964,0.26839,0.22151,0.27308,0.32933,0.23792,0.26605,0.08206,0.28831,0.24144,0.34925,0.09612,0.13128,0.27191,0.16028,0.28216,0.16966,0.1181,0.21419,0.30794,0.20833,0.15677,0.21302,0.18489,0.25755,0.27161,0.27571,0.29446,0.2429,0.2265,0.34368,0.24993,0.09407,0.10579,0.07767,0.27491,0.23506,0.23975,0.20225,0.32999,0.32764,0.27608,0.08858,0.24796,0.05167,0.11964,0.26495,0.20518,0.23799,0.28487,0.27784,0.3294,0.27637,0.33028,0.34434,0.20372,0.32676,0.2588
D2,,in,0.2524,0.08578,0.41423,0.10017,0.08142,0.3158,0.07205,0.27595,0.63689,0.29001,0.50681,0.39431,0.16931,0.26306,0.23494,0.37087,0.399,0.249,0.34509,0.53259,0.43884,0.43416,0.32708,0.3177,0.26614,0.34348,0.06692,0.51692,0.37747,0.40559,0.63528,0.15715,0.56965,0.15481,0.60481,0.44543,0.05168,0.06575,0.60012,0.56262,0.20813,0.34875,0.64407,0.10032,0.43547,0.45422,0.26672,0.18235,0.20579,0.16829,0.18704,0.42258,0.55383,0.56321,0.43196,0.53977,0.20227,0.12961,0.09211,0.43899,0.17649,0.42024,0.1343,0.26555,0.07659,0.27815,0.1469,0.30627,0.48206,0.05081,0.23362,0.15862,0.47854,0.33792,0.43635,0.08948,0.14573,0.5137,0.43401,0.08713,0.10588,0.42053,0.09241,0.20959,0.16272,0.05256,0.151,0.51663,0.08538,0.57288,0.18967,0.3303,0.40999,0.29749,0.23186,0.17327,0.51545,0.17719,0.36,0.30375,0.15609,0.09984,0.05297,0.08578,0.17953,0.3014,0.09515,0.31195,0.60258,0.49008,0.31664,0.08929,0.15492,0.11742,0.17367,0.38519,0.29144,0.23051,0.46488,0.18597,0.2141,0.23285,0.52465,0.0559,0.25746,0.35121,0.25043,0.4473,0.1098,0.10511,0.48011,0.61136,0.31136,0.43324,0.11449,0.43236,0.43705,0.51205,0.50033,0.45345,0.1722,0.26127,0.51439,0.10189,0.05619,0.16869,0.14994,0.21556,0.47806,0.06088,0.22963,0.26947,0.15697,0.62572,0.0726,0.05385,0.57416,0.48041,0.37435,0.2056,0.4306,0.27123,0.36029,0.32279,0.08138,0.31576,0.05326,0.29701,0.25482,0.2642,0.64974,0.53724,0.15287,0.06381,0.44818,0.26068,0.13646,0.13177,0.07552,0.16063,0.16532,0.30594,0.08094,0.23798,0.15829,0.20516,0.28016,0.41141,0.18759,0.30477,0.57665,0.20399,0.25087,0.38212,0.37743,0.59305,0.40262,0.36044,0.50106,0.14481,0.32528,0.62997
T2,,in,0.14593,0.18698,0.17323,0.22714,0.06776,0.06307,0.33495,0.24706,0.19315,0.23534,0.07303,0.05428,0.09178,0.06366,0.09647,0.14569,0.11288,0.18788,0.32968,0.08593,0.11405,0.05077,0.26046,0.14327,0.22062,0.12804,0.18195,0.10695,0.07472,0.18253,0.18019,0.05363,0.10988,0.18136,0.10636,0.06417,0.1673,0.1462,0.05714,0.18839,0.22853,0.15822,0.07618,0.27306,0.12189,0.18751,0.13126,0.3047,0.32579,0.15704,0.07267,0.23615,0.07677,0.24083,0.15646,0.08849,0.18224,0.167,0.07325,0.08732,0.14357,0.09669,0.24904,0.14591,0.10153,0.28668,0.12731,0.19762,0.16598,0.3066,0.16832,0.05582,0.14078,0.26735,0.1525,0.15719,0.16656,0.13024,0.07164,0.20758,0.08571,0.08776,0.07369,0.10885,0.19791,0.19674,0.16158,0.06315,0.05377,0.22252,0.311,0.25006,0.11178,0.05553,0.15397,0.29811,0.09889,0.12487,0.0569,0.25378,0.0862,0.09557,0.06276,0.18698,0.14011,0.32292,0.06979,0.13132,0.11725,0.0985,0.32585,0.34108,0.12077,0.13952,0.24265,0.08766,0.20954,0.24938,0.10407,0.16149,0.15681,0.07243,0.12341,0.11403,0.24294,0.19606,0.16677,0.32145,0.0777,0.1738,0.1363,0.07067,0.22067,0.16911,0.30974,0.06818,0.1174,0.1549,0.30139,0.05295,0.08107,0.05529,0.3131,0.18185,0.06525,0.1965,0.31838,0.10744,0.05119,0.11916,0.25978,0.06877,0.23752,0.19064,0.34533,0.26096,0.15549,0.18361,0.12531,0.13469,0.24719,0.10187,0.12297,0.06672,0.20617,0.20148,0.10773,0.07961,0.07726,0.24133,0.1048,0.16105,0.12824,0.23371,0.06027,0.11652,0.14348,0.19269,0.22082,0.07221,0.27143,0.07924,0.19174,0.2562,0.16479,0.26323,0.07573,0.17885,0.08334,0.1185,0.06694,0.15952,0.18295,0.24858,0.23686,0.13842,0.06547,0.07719,0.10063,0.20375,0.14868,0.08539
D3,,in,0.50844,0.5263,0.42013,0.45841,0.69904,0.3381,0.53497,0.64708,0.51036,0.93693,0.93829,0.80704,0.71954,0.65392,0.38048,0.61564,0.6922,0.5172,0.84259,0.79884,0.90822,0.67306,0.55326,0.69545,0.73373,0.64896,0.59974,0.77474,0.27025,0.34681,0.5601,0.28666,0.50541,0.80892,0.28392,0.60111,0.57924,0.30033,0.53002,0.92377,0.37074,0.8848,0.81371,0.57308,0.70707,0.42269,0.55394,0.25863,0.89847,0.41722,0.7016,0.70297,0.59359,0.3639,0.51703,0.31469,0.88344,0.6182,0.31195,0.80414,0.41039,0.78226,0.33929,0.53617,0.56249,0.89608,0.39296,0.75389,0.26444,0.63632,0.42303,0.68553,0.50096,0.81815,0.63768,0.47362,0.4955,0.89745,0.35604,0.30135,0.93573,0.4702,0.61239,0.85848,0.78192,0.65341,0.462,0.40731,0.51669,0.82294,0.64657,0.61376,0.48798,0.26923,0.36766,0.69305,0.47977,0.72044,0.32122,0.6931,0.34583,0.36771,0.66302,0.5263,0.54818,0.27474,0.42786,0.5386,0.35267,0.30892,0.89407,0.62884,0.46478,0.85853,0.7054,0.41077,0.60765,0.50374,0.4928,0.35882,0.69788,0.41351,0.84964,0.60901,0.63636,0.70198,0.31644,0.32737,0.28362,0.94534,0.68284,0.39847,0.74847,0.34378,0.71566,0.27371,0.51981,0.78231,0.81785,0.41317,0.47879,0.25457,0.70301,0.30926,0.26414,0.65789,0.59227,0.62508,0.84383,0.55399,0.75086,0.26688,0.83563,0.945,0.93406,0.51844,0.33797,0.31609,0.55193,0.39881,0.31131,0.30037,0.67772,0.80897,0.43983,0.77889,0.29764,0.36326,0.45623,0.33592,0.33729,0.64354,0.52322,0.56151,0.44119,0.30994,0.47127,0.41111,0.43299,0.88091,0.52545,0.25201,0.68951,0.26568,0.35865,0.82896,0.39146,0.93834,0.40103,0.54869,0.7565,0.31627,0.69908,0.63345,0.87955,0.29986,0.55757,0.70523,0.36617,0.65054,0.40172,0.29781
CrossMat,,0,6061-T6 (SS)@SOLIDWORKS Materials,6061-T6 (SS)@SOLIDWORKS Materials,6061-T6 (SS)@SOLIDWORKS Materials,6061-T6 (SS)@SOLIDWORKS Materials,6061-T6 (SS)@SOLIDWORKS Materials,6061-T6 (SS)@SOLIDWORKS Materials,6061-T6 (SS)@SOLIDWORKS Materials,6061-T6 (SS)@SOLIDWORKS Materials,6061-T6 (SS)@SOLIDWORKS Materials,6061-T6 (SS)@SOLIDWORKS Materials,6061-T6 (SS)@SOLIDWORKS Materials,6061-T6 (SS)@SOLIDWORKS Materials,6061-T6 (SS)@SOLIDWORKS Materials,6061-T6 (SS)@SOLIDWORKS Materials,6061-T6 (SS)@SOLIDWORKS Materials,6061-T6 (SS)@SOLIDWORKS Materials,6061-T6 (SS)@SOLIDWORKS Materials,6061-T6 (SS)@SOLIDWORKS Materials,6061-T6 (SS)@SOLIDWORKS Materials,6061-T6 (SS)@SOLIDWORKS Materials,6061-T6 (SS)@SOLIDWORKS Materials,6061-T6 (SS)@SOLIDWORKS Materials,6061-T6 (SS)@SOLIDWORKS Materials,6061-T6 (SS)@SOLIDWORKS Materials,6061-T6 (SS)@SOLIDWORKS Materials,6061-T6 (SS)@SOLIDWORKS Materials,6061-T6 (SS)@SOLIDWORKS Materials,6061-T6 (SS)@SOLIDWORKS Materials,6061-T6 (SS)@SOLIDWORKS Materials,6061-T6 (SS)@SOLIDWORKS Materials,6061-T6 (SS)@SOLIDWORKS Materials,6061-T6 (SS)@SOLIDWORKS Materials,6061-T6 (SS)@SOLIDWORKS Materials,6061-T6 (SS)@SOLIDWORKS Materials,6061-T6 (SS)@SOLIDWORKS Materials,6061-T6 (SS)@SOLIDWORKS Materials,6061-T6 (SS)@SOLIDWORKS Materials,6061-T6 (SS)@SOLIDWORKS Materials,6061-T6 (SS)@SOLIDWORKS Materials,6061-T6 (SS)@SOLIDWORKS Materials,6061-T6 (SS)@SOLIDWORKS Materials,6061-T6 (SS)@SOLIDWORKS Materials,6061-T6 (SS)@SOLIDWORKS Materials,6061-T6 (SS)@SOLIDWORKS Materials,6061-T6 (SS)@SOLIDWORKS Materials,6061-T6 (SS)@SOLIDWORKS Materials,6061-T6 (SS)@SOLIDWORKS Materials,6061-T6 (SS)@SOLIDWORKS Materials,6061-T6 (SS)@SOLIDWORKS Materials,6061-T6 (SS)@SOLIDWORKS Materials,6061-T6 (SS)@SOLIDWORKS Materials,6061-T6 (SS)@SOLIDWORKS Materials,6061-T6 (SS)@SOLIDWORKS Materials,6061-T6 (SS)@SOLIDWORKS Materials,6061-T6 (SS)@SOLIDWORKS Materials,6061-T6 (SS)@SOLIDWORKS Materials,6061-T6 (SS)@SOLIDWORKS Materials,6061-T6 (SS)@SOLIDWORKS Materials,6061-T6 (SS)@SOLIDWORKS Materials,6061-T6 (SS)@SOLIDWORKS Materials,6061-T6 (SS)@SOLIDWORKS Materials,6061-T6 (SS)@SOLIDWORKS Materials,6061-T6 (SS)@SOLIDWORKS Materials,6061-T6 (SS)@SOLIDWORKS Materials,6061-T6 (SS)@SOLIDWORKS Materials,6061-T6 (SS)@SOLIDWORKS Materials,6061-T6 (SS)@SOLIDWORKS Materials,6061-T6 (SS)@SOLIDWORKS Materials,6061-T6 (SS)@SOLIDWORKS Materials,6061-T6 (SS)@SOLIDWORKS Materials,6061-T6 (SS)@SOLIDWORKS Materials,6061-T6 (SS)@SOLIDWORKS Materials,6061-T6 (SS)@SOLIDWORKS Materials,6061-T6 (SS)@SOLIDWORKS Materials,6061-T6 (SS)@SOLIDWORKS Materials,6061-T6 (SS)@SOLIDWORKS Materials,6061-T6 (SS)@SOLIDWORKS Materials,6061-T6 (SS)@SOLIDWORKS Materials,6061-T6 (SS)@SOLIDWORKS Materials,6061-T6 (SS)@SOLIDWORKS Materials,6061-T6 (SS)@SOLIDWORKS Materials,6061-T6 (SS)@SOLIDWORKS Materials,6061-T6 (SS)@SOLIDWORKS Materials,6061-T6 (SS)@SOLIDWORKS Materials,6061-T6 (SS)@SOLIDWORKS Materials,6061-T6 (SS)@SOLIDWORKS Materials,6061-T6 (SS)@SOLIDWORKS Materials,6061-T6 (SS)@SOLIDWORKS Materials,6061-T6 (SS)@SOLIDWORKS Materials,6061-T6 (SS)@SOLIDWORKS Materials,6061-T6 (SS)@SOLIDWORKS Materials,6061-T6 (SS)@SOLIDWORKS Materials,6061-T6 (SS)@SOLIDWORKS Materials,6061-T6 (SS)@SOLIDWORKS Materials,6061-T6 (SS)@SOLIDWORKS Materials,6061-T6 (SS)@SOLIDWORKS Materials,6061-T6 (SS)@SOLIDWORKS Materials,6061-T6 (SS)@SOLIDWORKS Materials,6061-T6 (SS)@SOLIDWORKS Materials,6061-T6 (SS)@SOLIDWORKS Materials,6061-T6 (SS)@SOLIDWORKS Materials,6061-T6 (SS)@SOLIDWORKS Materials,6061-T6 (SS)@SOLIDWORKS Materials,6061-T6 (SS)@SOLIDWORKS Materials,6061-T6 (SS)@SOLIDWORKS Materials,6061-T6 (SS)@SOLIDWORKS Materials,6061-T6 (SS)@SOLIDWORKS Materials,6061-T6 (SS)@SOLIDWORKS Materials,6061-T6 (SS)@SOLIDWORKS Materials,6061-T6 (SS)@SOLIDWORKS Materials,6061-T6 (SS)@SOLIDWORKS Materials,6061-T6 (SS)@SOLIDWORKS Materials,6061-T6 (SS)@SOLIDWORKS Materials,6061-T6 (SS)@SOLIDWORKS Materials,6061-T6 (SS)@SOLIDWORKS Materials,6061-T6 (SS)@SOLIDWORKS Materials,6061-T6 (SS)@SOLIDWORKS Materials,6061-T6 (SS)@SOLIDWORKS Materials,6061-T6 (SS)@SOLIDWORKS Materials,6061-T6 (SS)@SOLIDWORKS Materials,6061-T6 (SS)@SOLIDWORKS Materials,6061-T6 (SS)@SOLIDWORKS Materials,6061-T6 (SS)@SOLIDWORKS Materials,6061-T6 (SS)@SOLIDWORKS Materials,6061-T6 (SS)@SOLIDWORKS Materials,6061-T6 (SS)@SOLIDWORKS Materials,6061-T6 (SS)@SOLIDWORKS Materials,6061-T6 (SS)@SOLIDWORKS Materials,6061-T6 (SS)@SOLIDWORKS Materials,6061-T6 (SS)@SOLIDWORKS Materials,6061-T6 (SS)@SOLIDWORKS Materials,6061-T6 (SS)@SOLIDWORKS Materials,6061-T6 (SS)@SOLIDWORKS Materials,6061-T6 (SS)@SOLIDWORKS Materials,6061-T6 (SS)@SOLIDWORKS Materials,6061-T6 (SS)@SOLIDWORKS Materials,6061-T6 (SS)@SOLIDWORKS Materials,6061-T6 (SS)@SOLIDWORKS Materials,6061-T6 (SS)@SOLIDWORKS Materials,6061-T6 (SS)@SOLIDWORKS Materials,6061-T6 (SS)@SOLIDWORKS Materials,6061-T6 (SS)@SOLIDWORKS Materials,6061-T6 (SS)@SOLIDWORKS Materials,6061-T6 (SS)@SOLIDWORKS Materials,6061-T6 (SS)@SOLIDWORKS Materials,6061-T6 (SS)@SOLIDWORKS Materials,6061-T6 (SS)@SOLIDWORKS Materials,6061-T6 (SS)@SOLIDWORKS Materials,6061-T6 (SS)@SOLIDWORKS Materials,6061-T6 (SS)@SOLIDWORKS Materials,6061-T6 (SS)@SOLIDWORKS Materials,6061-T6 (SS)@SOLIDWORKS Materials,6061-T6 (SS)@SOLIDWORKS Materials,6061-T6 (SS)@SOLIDWORKS Materials,6061-T6 (SS)@SOLIDWORKS Materials,6061-T6 (SS)@SOLIDWORKS Materials,6061-T6 (SS)@SOLIDWORKS Materials,6061-T6 (SS)@SOLIDWORKS Materials,6061-T6 (SS)@SOLIDWORKS Materials,6061-T6 (SS)@SOLIDWORKS Materials,6061-T6 (SS)@SOLIDWORKS Materials,6061-T6 (SS)@SOLIDWORKS Materials,6061-T6 (SS)@SOLIDWORKS Materials,6061-T6 (SS)@SOLIDWORKS Materials,6061-T6 (SS)@SOLIDWORKS Materials,6061-T6 (SS)@SOLIDWORKS Materials,6061-T6 (SS)@SOLIDWORKS Materials,6061-T6 (SS)@SOLIDWORKS Materials,6061-T6 (SS)@SOLIDWORKS Materials,6061-T6 (SS)@SOLIDWORKS Materials,6061-T6 (SS)@SOLIDWORKS Materials,6061-T6 (SS)@SOLIDWORKS Materials,6061-T6 (SS)@SOLIDWORKS Materials,6061-T6 (SS)@SOLIDWORKS Materials,6061-T6 (SS)@SOLIDWORKS Materials,6061-T6 (SS)@SOLIDWORKS Materials,6061-T6 (SS)@SOLIDWORKS Materials,6061-T6 (SS)@SOLIDWORKS Materials,6061-T6 (SS)@SOLIDWORKS Materials,6061-T6 (SS)@SOLIDWORKS Materials,6061-T6 (SS)@SOLIDWORKS Materials,6061-T6 (SS)@SOLIDWORKS Materials,6061-T6 (SS)@SOLIDWORKS Materials,6061-T6 (SS)@SOLIDWORKS Materials,6061-T6 (SS)@SOLIDWORKS Materials,6061-T6 (SS)@SOLIDWORKS Materials,6061-T6 (SS)@SOLIDWORKS Materials,6061-T6 (SS)@SOLIDWORKS Materials,6061-T6 (SS)@SOLIDWORKS Materials,6061-T6 (SS)@SOLIDWORKS Materials,6061-T6 (SS)@SOLIDWORKS Materials,6061-T6 (SS)@SOLIDWORKS Materials,6061-T6 (SS)@SOLIDWORKS Materials,6061-T6 (SS)@SOLIDWORKS Materials,6061-T6 (SS)@SOLIDWORKS Materials,6061-T6 (SS)@SOLIDWORKS Materials,6061-T6 (SS)@SOLIDWORKS Materials,6061-T6 (SS)@SOLIDWORKS Materials,6061-T6 (SS)@SOLIDWORKS Materials,6061-T6 (SS)@SOLIDWORKS Materials,6061-T6 (SS)@SOLIDWORKS Materials,6061-T6 (SS)@SOLIDWORKS Materials
FrameMat,,0,Ti-6Al-4VSolution treated and aged (SS)@SOLIDWORKS Materials,Ti-6Al-4VSolution treated and aged (SS)@SOLIDWORKS Materials,Ti-6Al-4VSolution treated and aged (SS)@SOLIDWORKS Materials,Ti-6Al-4VSolution treated and aged (SS)@SOLIDWORKS Materials,Ti-6Al-4VSolution treated and aged (SS)@SOLIDWORKS Materials,Ti-6Al-4VSolution treated and aged (SS)@SOLIDWORKS Materials,Ti-6Al-4VSolution treated and aged (SS)@SOLIDWORKS Materials,Ti-6Al-4VSolution treated and aged (SS)@SOLIDWORKS Materials,Ti-6Al-4VSolution treated and aged (SS)@SOLIDWORKS Materials,Ti-6Al-4VSolution treated and aged (SS)@SOLIDWORKS Materials,Ti-6Al-4VSolution treated and aged (SS)@SOLIDWORKS Materials,Ti-6Al-4VSolution treated and aged (SS)@SOLIDWORKS Materials,Ti-6Al-4VSolution treated and aged (SS)@SOLIDWORKS Materials,Ti-6Al-4VSolution treated and aged (SS)@SOLIDWORKS Materials,Ti-6Al-4VSolution treated and aged (SS)@SOLIDWORKS Materials,Ti-6Al-4VSolution treated and aged (SS)@SOLIDWORKS Materials,Ti-6Al-4VSolution treated and aged (SS)@SOLIDWORKS Materials,Ti-6Al-4VSolution treated and aged (SS)@SOLIDWORKS Materials,Ti-6Al-4VSolution treated and aged (SS)@SOLIDWORKS Materials,Ti-6Al-4VSolution treated and aged (SS)@SOLIDWORKS Materials,Ti-6Al-4VSolution treated and aged (SS)@SOLIDWORKS Materials,Ti-6Al-4VSolution treated and aged (SS)@SOLIDWORKS Materials,Ti-6Al-4VSolution treated and aged (SS)@SOLIDWORKS Materials,Ti-6Al-4VSolution treated and aged (SS)@SOLIDWORKS Materials,Ti-6Al-4VSolution treated and aged (SS)@SOLIDWORKS Materials,Ti-6Al-4VSolution treated and aged (SS)@SOLIDWORKS Materials,Ti-6Al-4VSolution treated and aged (SS)@SOLIDWORKS Materials,Ti-6Al-4VSolution treated and aged (SS)@SOLIDWORKS Materials,Ti-6Al-4VSolution treated and aged (SS)@SOLIDWORKS Materials,Ti-6Al-4VSolution treated and aged (SS)@SOLIDWORKS Materials,Ti-6Al-4VSolution treated and aged (SS)@SOLIDWORKS Materials,Ti-6Al-4VSolution treated and aged (SS)@SOLIDWORKS Materials,Ti-6Al-4VSolution treated and aged (SS)@SOLIDWORKS Materials,Ti-6Al-4VSolution treated and aged (SS)@SOLIDWORKS Materials,Ti-6Al-4VSolution treated and aged (SS)@SOLIDWORKS Materials,Ti-6Al-4VSolution treated and aged (SS)@SOLIDWORKS Materials,Ti-6Al-4VSolution treated and aged (SS)@SOLIDWORKS Materials,Ti-6Al-4VSolution treated and aged (SS)@SOLIDWORKS Materials,Ti-6Al-4VSolution treated and aged (SS)@SOLIDWORKS Materials,Ti-6Al-4VSolution treated and aged (SS)@SOLIDWORKS Materials,Ti-6Al-4VSolution treated and aged (SS)@SOLIDWORKS Materials,Ti-6Al-4VSolution treated and aged (SS)@SOLIDWORKS Materials,Ti-6Al-4VSolution treated and aged (SS)@SOLIDWORKS Materials,Ti-6Al-4VSolution treated and aged (SS)@SOLIDWORKS Materials,Ti-6Al-4VSolution treated and aged (SS)@SOLIDWORKS Materials,Ti-6Al-4VSolution treated and aged (SS)@SOLIDWORKS Materials,Ti-6Al-4VSolution treated and aged (SS)@SOLIDWORKS Materials,Ti-6Al-4VSolution treated and aged (SS)@SOLIDWORKS Materials,Ti-6Al-4VSolution treated and aged (SS)@SOLIDWORKS Materials,Ti-6Al-4VSolution treated and aged (SS)@SOLIDWORKS Materials,Ti-6Al-4VSolution treated and aged (SS)@SOLIDWORKS Materials,Ti-6Al-4VSolution treated and aged (SS)@SOLIDWORKS Materials,Ti-6Al-4VSolution treated and aged (SS)@SOLIDWORKS Materials,Ti-6Al-4VSolution treated and aged (SS)@SOLIDWORKS Materials,Ti-6Al-4VSolution treated and aged (SS)@SOLIDWORKS Materials,Ti-6Al-4VSolution treated and aged (SS)@SOLIDWORKS Materials,Ti-6Al-4VSolution treated and aged (SS)@SOLIDWORKS Materials,Ti-6Al-4VSolution treated and aged (SS)@SOLIDWORKS Materials,Ti-6Al-4VSolution treated and aged (SS)@SOLIDWORKS Materials,Ti-6Al-4VSolution treated and aged (SS)@SOLIDWORKS Materials,Ti-6Al-4VSolution treated and aged (SS)@SOLIDWORKS Materials,Ti-6Al-4VSolution treated and aged (SS)@SOLIDWORKS Materials,Ti-6Al-4VSolution treated and aged (SS)@SOLIDWORKS Materials,Ti-6Al-4VSolution treated and aged (SS)@SOLIDWORKS Materials,Ti-6Al-4VSolution treated and aged (SS)@SOLIDWORKS Materials,Ti-6Al-4VSolution treated and aged (SS)@SOLIDWORKS Materials,Ti-6Al-4VSolution treated and aged (SS)@SOLIDWORKS Materials,Ti-6Al-4VSolution treated and aged (SS)@SOLIDWORKS Materials,Ti-6Al-4VSolution treated and aged (SS)@SOLIDWORKS Materials,Ti-6Al-4VSolution treated and aged (SS)@SOLIDWORKS Materials,Ti-6Al-4VSolution treated and aged (SS)@SOLIDWORKS Materials,Ti-6Al-4VSolution treated and aged (SS)@SOLIDWORKS Materials,Ti-6Al-4VSolution treated and aged (SS)@SOLIDWORKS Materials,Ti-6Al-4VSolution treated and aged (SS)@SOLIDWORKS Materials,Ti-6Al-4VSolution treated and aged (SS)@SOLIDWORKS Materials,Ti-6Al-4VSolution treated and aged (SS)@SOLIDWORKS Materials,Ti-6Al-4VSolution treated and aged (SS)@SOLIDWORKS Materials,Ti-6Al-4VSolution treated and aged (SS)@SOLIDWORKS Materials,Ti-6Al-4VSolution treated and aged (SS)@SOLIDWORKS Materials,Ti-6Al-4VSolution treated and aged (SS)@SOLIDWORKS Materials,Ti-6Al-4VSolution treated and aged (SS)@SOLIDWORKS Materials,Ti-6Al-4VSolution treated and aged (SS)@SOLIDWORKS Materials,Ti-6Al-4VSolution treated and aged (SS)@SOLIDWORKS Materials,Ti-6Al-4VSolution treated and aged (SS)@SOLIDWORKS Materials,Ti-6Al-4VSolution treated and aged (SS)@SOLIDWORKS Materials,Ti-6Al-4VSolution treated and aged (SS)@SOLIDWORKS Materials,Ti-6Al-4VSolution treated and aged (SS)@SOLIDWORKS Materials,Ti-6Al-4VSolution treated and aged (SS)@SOLIDWORKS Materials,Ti-6Al-4VSolution treated and aged (SS)@SOLIDWORKS Materials,Ti-6Al-4VSolution treated and aged (SS)@SOLIDWORKS Materials,Ti-6Al-4VSolution treated and aged (SS)@SOLIDWORKS Materials,Ti-6Al-4VSolution treated and aged (SS)@SOLIDWORKS Materials,Ti-6Al-4VSolution treated and aged (SS)@SOLIDWORKS Materials,Ti-6Al-4VSolution treated and aged (SS)@SOLIDWORKS Materials,Ti-6Al-4VSolution treated and aged (SS)@SOLIDWORKS Materials,Ti-6Al-4VSolution treated and aged (SS)@SOLIDWORKS Materials,Ti-6Al-4VSolution treated and aged (SS)@SOLIDWORKS Materials,Ti-6Al-4VSolution treated and aged (SS)@SOLIDWORKS Materials,Ti-6Al-4VSolution treated and aged (SS)@SOLIDWORKS Materials,Ti-6Al-4VSolution treated and aged (SS)@SOLIDWORKS Materials,Ti-6Al-4VSolution treated and aged (SS)@SOLIDWORKS Materials,Ti-6Al-4VSolution treated and aged (SS)@SOLIDWORKS Materials,Ti-6Al-4VSolution treated and aged (SS)@SOLIDWORKS Materials,Ti-6Al-4VSolution treated and aged (SS)@SOLIDWORKS Materials,Ti-6Al-4VSolution treated and aged (SS)@SOLIDWORKS Materials,Ti-6Al-4VSolution treated and aged (SS)@SOLIDWORKS Materials,Ti-6Al-4VSolution treated and aged (SS)@SOLIDWORKS Materials,Ti-6Al-4VSolution treated and aged (SS)@SOLIDWORKS Materials,Ti-6Al-4VSolution treated and aged (SS)@SOLIDWORKS Materials,Ti-6Al-4VSolution treated and aged (SS)@SOLIDWORKS Materials,Ti-6Al-4VSolution treated and aged (SS)@SOLIDWORKS Materials,Ti-6Al-4VSolution treated and aged (SS)@SOLIDWORKS Materials,Ti-6Al-4VSolution treated and aged (SS)@SOLIDWORKS Materials,Ti-6Al-4VSolution treated and aged (SS)@SOLIDWORKS Materials,Ti-6Al-4VSolution treated and aged (SS)@SOLIDWORKS Materials,Ti-6Al-4VSolution treated and aged (SS)@SOLIDWORKS Materials,Ti-6Al-4VSolution treated and aged (SS)@SOLIDWORKS Materials,Ti-6Al-4VSolution treated and aged (SS)@SOLIDWORKS Materials,Ti-6Al-4VSolution treated and aged (SS)@SOLIDWORKS Materials,Ti-6Al-4VSolution treated and aged (SS)@SOLIDWORKS Materials,Ti-6Al-4VSolution treated and aged (SS)@SOLIDWORKS Materials,Ti-6Al-4VSolution treated and aged (SS)@SOLIDWORKS Materials,Ti-6Al-4VSolution treated and aged (SS)@SOLIDWORKS Materials,Ti-6Al-4VSolution treated and aged (SS)@SOLIDWORKS Materials,Ti-6Al-4VSolution treated and aged (SS)@SOLIDWORKS Materials,Ti-6Al-4VSolution treated and aged (SS)@SOLIDWORKS Materials,Ti-6Al-4VSolution treated and aged (SS)@SOLIDWORKS Materials,Ti-6Al-4VSolution treated and aged (SS)@SOLIDWORKS Materials,Ti-6Al-4VSolution treated and aged (SS)@SOLIDWORKS Materials,Ti-6Al-4VSolution treated and aged (SS)@SOLIDWORKS Materials,Ti-6Al-4VSolution treated and aged (SS)@SOLIDWORKS Materials,Ti-6Al-4VSolution treated and aged (SS)@SOLIDWORKS Materials,Ti-6Al-4VSolution treated and aged (SS)@SOLIDWORKS Materials,Ti-6Al-4VSolution treated and aged (SS)@SOLIDWORKS Materials,Ti-6Al-4VSolution treated and aged (SS)@SOLIDWORKS Materials,Ti-6Al-4VSolution treated and aged (SS)@SOLIDWORKS Materials,Ti-6Al-4VSolution treated and aged (SS)@SOLIDWORKS Materials,Ti-6Al-4VSolution treated and aged (SS)@SOLIDWORKS Materials,Ti-6Al-4VSolution treated and aged (SS)@SOLIDWORKS Materials,Ti-6Al-4VSolution treated and aged (SS)@SOLIDWORKS Materials,Ti-6Al-4VSolution treated and aged (SS)@SOLIDWORKS Materials,Ti-6Al-4VSolution treated and aged (SS)@SOLIDWORKS Materials,Ti-6Al-4VSolution treated and aged (SS)@SOLIDWORKS Materials,Ti-6Al-4VSolution treated and aged (SS)@SOLIDWORKS Materials,Ti-6Al-4VSolution treated and aged (SS)@SOLIDWORKS Materials,Ti-6Al-4VSolution treated and aged (SS)@SOLIDWORKS Materials,Ti-6Al-4VSolution treated and aged (SS)@SOLIDWORKS Materials,Ti-6Al-4VSolution treated and aged (SS)@SOLIDWORKS Materials,Ti-6Al-4VSolution treated and aged (SS)@SOLIDWORKS Materials,Ti-6Al-4VSolution treated and aged (SS)@SOLIDWORKS Materials,Ti-6Al-4VSolution treated and aged (SS)@SOLIDWORKS Materials,Ti-6Al-4VSolution treated and aged (SS)@SOLIDWORKS Materials,Ti-6Al-4VSolution treated and aged (SS)@SOLIDWORKS Materials,Ti-6Al-4VSolution treated and aged (SS)@SOLIDWORKS Materials,Ti-6Al-4VSolution treated and aged (SS)@SOLIDWORKS Materials,Ti-6Al-4VSolution treated and aged (SS)@SOLIDWORKS Materials,Ti-6Al-4VSolution treated and aged (SS)@SOLIDWORKS Materials,Ti-6Al-4VSolution treated and aged (SS)@SOLIDWORKS Materials,Ti-6Al-4VSolution treated and aged (SS)@SOLIDWORKS Materials,Ti-6Al-4VSolution treated and aged (SS)@SOLIDWORKS Materials,Ti-6Al-4VSolution treated and aged (SS)@SOLIDWORKS Materials,Ti-6Al-4VSolution treated and aged (SS)@SOLIDWORKS Materials,Ti-6Al-4VSolution treated and aged (SS)@SOLIDWORKS Materials,Ti-6Al-4VSolution treated and aged (SS)@SOLIDWORKS Materials,Ti-6Al-4VSolution treated and aged (SS)@SOLIDWORKS Materials,Ti-6Al-4VSolution treated and aged (SS)@SOLIDWORKS Materials,Ti-6Al-4VSolution treated and aged (SS)@SOLIDWORKS Materials,Ti-6Al-4VSolution treated and aged (SS)@SOLIDWORKS Materials,Ti-6Al-4VSolution treated and aged (SS)@SOLIDWORKS Materials,Ti-6Al-4VSolution treated and aged (SS)@SOLIDWORKS Materials,Ti-6Al-4VSolution treated and aged (SS)@SOLIDWORKS Materials,Ti-6Al-4VSolution treated and aged (SS)@SOLIDWORKS Materials,Ti-6Al-4VSolution treated and aged (SS)@SOLIDWORKS Materials,Ti-6Al-4VSolution treated and aged (SS)@SOLIDWORKS Materials,Ti-6Al-4VSolution treated and aged (SS)@SOLIDWORKS Materials,Ti-6Al-4VSolution treated and aged (SS)@SOLIDWORKS Materials,Ti-6Al-4VSolution treated and aged (SS)@SOLIDWORKS Materials,Ti-6Al-4VSolution treated and aged (SS)@SOLIDWORKS Materials,Ti-6Al-4VSolution treated and aged (SS)@SOLIDWORKS Materials,Ti-6Al-4VSolution treated and aged (SS)@SOLIDWORKS Materials,Ti-6Al-4VSolution treated and aged (SS)@SOLIDWORKS Materials,Ti-6Al-4VSolution treated and aged (SS)@SOLIDWORKS Materials,Ti-6Al-4VSolution treated and aged (SS)@SOLIDWORKS Materials,Ti-6Al-4VSolution treated and aged (SS)@SOLIDWORKS Materials,Ti-6Al-4VSolution treated and aged (SS)@SOLIDWORKS Materials,Ti-6Al-4VSolution treated and aged (SS)@SOLIDWORKS Materials,Ti-6Al-4VSolution treated and aged (SS)@SOLIDWORKS Materials,Ti-6Al-4VSolution treated and aged (SS)@SOLIDWORKS Materials,Ti-6Al-4VSolution treated and aged (SS)@SOLIDWORKS Materials,Ti-6Al-4VSolution treated and aged (SS)@SOLIDWORKS Materials,Ti-6Al-4VSolution treated and aged (SS)@SOLIDWORKS Materials,Ti-6Al-4VSolution treated and aged (SS)@SOLIDWORKS Materials,Ti-6Al-4VSolution treated and aged (SS)@SOLIDWORKS Materials,Ti-6Al-4VSolution treated and aged (SS)@SOLIDWORKS Materials,Ti-6Al-4VSolution treated and aged (SS)@SOLIDWORKS Materials,Ti-6Al-4VSolution treated and aged (SS)@SOLIDWORKS Materials,Ti-6Al-4VSolution treated and aged (SS)@SOLIDWORKS Materials,Ti-6Al-4VSolution treated and aged (SS)@SOLIDWORKS Materials,Ti-6Al-4VSolution treated and aged (SS)@SOLIDWORKS Materials,Ti-6Al-4VSolution treated and aged (SS)@SOLIDWORKS Materials,Ti-6Al-4VSolution treated and aged (SS)@SOLIDWORKS Materials,Ti-6Al-4VSolution treated and aged (SS)@SOLIDWORKS Materials
Mass1,Minimize, lb,8.64,4.12,14.57,14.18,20.34,5.02,Simulation Static 2 fails.,14.75,24.98,20.24,23.64,14.93,Simulation Static 2 fails.,9.01,5.3,6.44,12.92,16.78,31.12,Simulation Static 2 fails.,16.93,13.61,15.11,17.91,14.55,7.28,11.55,19.65,9.77,12.19,19.1,15.76,17.19,14.45,15.39,16.97,14.32,8.46,16.03,20.11,10.45,14.21,18.78,17.54,12.05,21.83,22.36,7.08,17.59,4.3,23.95,20.6,17.03,22.8,14.83,14.27,27.71,18.56,14.02,16.42,12.21,8.34,12.46,Simulation Static 2 fails.,19.08,25.73,23.93,20.44,21.83,14.29,12.8,20.35,14.02,14.76,22.7,21.5,Simulation Static 2 fails.,16.33,21.75,10.05,24.19,Simulation Static 2 fails.,10.91,23.74,15.86,15.8,9.06,17.02,Simulation Static 2 fails.,Simulation Static 2 fails.,14.69,Simulation Static 2 fails.,14.89,7.61,8.83,23.04,13.24,10.64,Simulation Static 2 fails.,19.18,6.15,13.15,16.31,4.12,15.32,25.54,17.04,Simulation Static 2 fails.,18.01,11.46,28.7,20.19,Simulation Static 2 fails.,17.13,16.52,20.9,Simulation Static 2 fails.,10.85,8.64,13.6,8.19,18.96,12.95,18.01,23.5,25.99,12.6,25.28,8.01,18.33,16.28,5.35,14.9,Simulation Static 2 fails.,18.85,8.46,9.52,18.39,28.56,20.4,12.2,10.49,26.76,7.79,Simulation Static 2 fails.,15.07,17.31,Simulation Static 2 fails.,23.16,14.92,15.64,3.12,16.44,20.27,25.2,7.62,10.54,18.6,11.57,14.49,14.08,6.25,15.71,20.8,8.17,11.11,7.62,8.41,19.42,18.37,20.24,15.44,15.6,17.79,12.78,14.15,5.97,7.12,5.13,19.71,11.6,19.94,13.23,19.55,21.04,15.83,5.36,17.3,Simulation Static 2 fails.,Simulation Static 2 fails.,21.52,7.76,15.42,22.85,Simulation Static 2 fails.,22.89,18.15,18.81,18.23,12,13.29,18.14
Minimum Factor of Safety1,Minimize,,1.19E+00,8.64E-02,1.52E+01,5.89E+00,2.62E+01,2.41E+00,Simulation Static 2 fails.,1.09E+01,1.71E+01,6.82E+00,1.08E+02,1.62E+01,Simulation Static 2 fails.,1.38E+01,4.23E+00,7.16E+00,1.05E+00,4.51E+01,2.35E+01,Simulation Static 2 fails.,6.38E+00,7.00E+01,3.76E+01,1.52E+01,4.33E+01,4.85E+00,2.96E+01,2.57E+00,7.10E+00,5.13E-01,7.03E+01,1.07E+01,4.04E+01,3.11E-01,5.19E+00,2.16E+01,2.97E+01,7.93E-01,8.14E-01,1.75E+01,2.00E+01,5.83E+00,2.59E+01,2.98E+01,7.13E-01,3.76E+01,3.06E+01,6.68E+00,3.63E+00,1.92E+00,1.81E+01,2.81E+01,4.24E+01,3.46E+01,1.05E+01,7.84E+00,2.43E+01,3.15E+01,4.33E+01,6.24E+00,8.26E+00,7.19E+00,2.09E+01,Simulation Static 2 fails.,4.38E+00,2.29E+01,9.74E+01,2.03E+01,2.32E+01,8.59E+00,1.14E+01,9.50E+00,2.56E+00,3.02E+01,8.49E+01,4.67E+01,Simulation Static 2 fails.,3.32E+00,2.85E+00,1.58E+00,3.71E+00,Simulation Static 2 fails.,4.86E-01,4.50E+00,3.47E+00,6.08E+01,1.66E+01,2.63E+00,Simulation Static 2 fails.,Simulation Static 2 fails.,3.05E+00,Simulation Static 2 fails.,5.62E+00,1.53E+01,2.06E+01,1.08E+00,1.50E+01,3.64E+00,Simulation Static 2 fails.,2.30E+00,9.60E-01,2.96E+01,2.46E+01,8.64E-02,3.09E+00,3.48E+01,2.52E+00,Simulation Static 2 fails.,8.20E+01,7.86E+00,3.13E+01,5.14E+01,Simulation Static 2 fails.,7.27E+00,9.38E+00,3.11E+00,Simulation Static 2 fails.,6.71E+00,1.03E+01,9.86E+00,2.11E+01,1.63E+01,2.87E+01,4.32E+01,3.69E+01,3.08E+01,2.81E+01,1.83E+01,3.63E+01,9.78E+01,1.51E+00,1.49E+01,1.01E+01,Simulation Static 2 fails.,2.95E+01,6.19E+00,1.85E+01,9.41E+00,1.15E+01,1.23E+01,1.90E+01,1.02E+01,1.80E+01,1.52E+01,Simulation Static 2 fails.,2.17E+00,9.01E+00,Simulation Static 2 fails.,6.83E+01,4.84E+00,1.30E+01,1.36E+00,4.67E+00,4.59E+01,1.94E+01,1.30E+01,2.07E+01,2.20E+01,8.48E+00,3.26E+01,3.12E+01,9.82E-01,1.35E+01,9.11E+00,3.62E+00,2.18E+01,2.38E+00,1.83E+01,3.62E+01,3.76E+01,5.74E+01,4.54E+00,5.73E+00,3.20E+01,2.50E+01,1.72E+00,2.50E+00,1.80E+01,6.38E+00,1.04E+01,2.15E+01,1.25E+00,1.80E+01,8.26E+00,2.99E+01,5.93E+01,3.60E-01,1.44E+00,Simulation Static 2 fails.,Simulation Static 2 fails.,9.12E+00,5.46E-01,1.71E+01,5.05E+01,Simulation Static 2 fails.,6.54E+01,5.90E+01,8.44E+00,3.88E+01,6.79E+00,1.57E+01,3.89E+00
Center_Y,Minimize,in,18.73,21.85,20.8,20.74,18.44,22.58,Simulation Static 2 fails.,21.9,21.13,20.49,18.42,21.91,Simulation Static 2 fails.,18,16.99,21.02,19.25,20.17,20.97,Simulation Static 2 fails.,20.73,17.92,23.37,18.15,17.65,16.64,17.28,21.36,21.51,23.02,21,17.68,20.51,21.64,20.6,22.34,19.86,18.06,22.39,23.05,18.95,19.34,19.93,19.47,19.97,22.74,18.88,18.36,18.94,20.97,19.38,20.38,17.73,19.7,20.33,20.83,23.04,22.12,20.85,20.73,23.15,21.24,20.11,Simulation Static 2 fails.,19.33,22.33,20.45,20.09,18.46,22.45,18.97,22.69,17.94,17.74,20.03,23.17,Simulation Static 2 fails.,19.39,21.27,17.26,19.95,Simulation Static 2 fails.,17.98,19.29,19.56,18.26,21.59,19.1,Simulation Static 2 fails.,Simulation Static 2 fails.,23.11,Simulation Static 2 fails.,22.01,17.19,18.38,20.68,19.69,20.17,Simulation Static 2 fails.,20.98,19.92,18.86,18.59,21.85,21.91,19.88,22.01,Simulation Static 2 fails.,19.88,18.15,20.85,19.21,Simulation Static 2 fails.,19,20.6,19.38,Simulation Static 2 fails.,22.62,21.6,21.51,16.9,18,21.23,18.51,21.26,23.97,19.38,19.25,16.63,20.05,22.41,20.51,18.89,Simulation Static 2 fails.,19.8,21.33,17.24,21.39,21.83,22.07,20.45,19.45,17.46,17.85,Simulation Static 2 fails.,20.84,19.99,Simulation Static 2 fails.,21.86,19.14,18.41,18.31,19.03,19.46,17.86,21.2,22.15,20.33,20.63,20.18,19.01,18.96,19.08,21.54,20.05,19.97,21.91,19.97,20.77,18.42,16.63,19.83,22.92,20.66,17.67,21.68,23.07,19.04,23.02,22.16,20.04,22.59,18.43,20.34,18.99,17.19,20.86,18.65,Simulation Static 2 fails.,Simulation Static 2 fails.,20.49,20.87,20.91,18.25,Simulation Static 2 fails.,20.26,20.88,19.42,20.51,20.15,17.74,21.3
Center_Z,Minimize,in,1.27,0.71,0.45,0.68,0.64,0.96,Simulation Static 2 fails.,0.48,0.49,1.03,0.66,0.59,Simulation Static 2 fails.,0.57,0.58,1.01,0.58,0.22,0.65,Simulation Static 2 fails.,1.42,0.33,0.68,1.18,0.63,1.48,0.42,1,0.47,0.56,0.36,0.64,0.42,0.88,0.35,0.77,0.36,0.7,1.22,0.77,0.42,0.56,0.77,0.61,0.98,0.56,0.77,0.47,0.71,0.54,1.6,0.76,0.72,0.23,0.59,0.51,0.95,0.69,0.25,0.53,0.49,1.11,0.28,Simulation Static 2 fails.,0.8,1.34,0.2,0.69,0.31,0.75,0.59,0.64,0.66,1.2,0.47,0.35,Simulation Static 2 fails.,1.12,0.46,0.81,0.59,Simulation Static 2 fails.,0.51,0.71,0.79,1.12,0.71,0.42,Simulation Static 2 fails.,Simulation Static 2 fails.,0.89,Simulation Static 2 fails.,0.93,0.5,0.57,0.43,0.52,1.58,Simulation Static 2 fails.,0.88,1.07,0.46,0.67,0.71,0.83,0.41,0.58,Simulation Static 2 fails.,0.28,0.76,1.25,0.5,Simulation Static 2 fails.,0.55,0.39,0.41,Simulation Static 2 fails.,0.56,0.63,0.39,0.8,0.77,0.52,0.64,0.66,0.8,0.45,0.27,0.57,0.36,0.49,0.39,1.1,Simulation Static 2 fails.,0.61,0.85,0.38,1.09,0.62,0.9,0.55,0.62,0.77,0.78,Simulation Static 2 fails.,0.4,0.5,Simulation Static 2 fails.,0.53,0.98,0.5,0.67,0.47,0.53,1.09,0.57,0.22,0.61,0.68,0.61,0.37,1.03,0.6,0.76,0.63,0.47,0.41,0.35,0.42,0.51,0.31,0.54,0.92,0.49,0.47,0.61,1.23,0.4,0.41,0.76,0.44,0.44,0.63,0.49,0.49,0.46,0.61,0.73,Simulation Static 2 fails.,Simulation Static 2 fails.,0.67,0.66,1.16,0.65,Simulation Static 2 fails.,0.37,0.64,0.49,0.25,1.02,0.39,0.78
Leg_Displacement,Minimize, in,2.90E-02,0.00E+00,2.62E-01,7.01E-03,4.87E-03,6.29E-01,Simulation Static 2 fails.,2.09E-02,4.21E-02,7.31E-02,1.60E-03,2.88E-01,Simulation Static 2 fails.,1.82E-01,6.31E-01,6.62E-01,7.45E-04,9.21E-02,5.19E-03,Simulation Static 2 fails.,9.79E-02,1.18E-02,3.71E-02,4.40E-02,7.32E-04,2.86E-03,5.32E-03,4.06E-02,1.40E-03,3.80E-02,2.51E-02,5.60E-02,7.83E-05,6.09E-03,1.79E-02,1.43E-02,3.86E-02,5.63E-02,7.85E-03,1.40E-01,8.48E-02,0.00E+00,1.20E-02,5.02E-02,3.84E-03,9.49E-02,7.50E-02,1.33E-01,1.53E-02,3.22E-01,9.09E-04,4.77E-02,3.71E-02,6.37E-03,2.52E-02,1.81E-02,4.25E-02,1.08E-01,2.91E-02,2.11E-01,1.86E-02,5.89E-01,1.37E-01,Simulation Static 2 fails.,1.74E-03,3.31E-02,1.38E-02,4.22E-02,1.27E-03,1.58E-01,2.56E-01,2.24E-02,4.06E-02,4.90E-02,1.13E-03,0.00E+00,Simulation Static 2 fails.,2.88E-03,1.23E-03,1.13E-03,1.72E-03,Simulation Static 2 fails.,1.39E-02,5.68E-03,2.30E-01,1.33E-02,9.86E-02,1.72E-02,Simulation Static 2 fails.,Simulation Static 2 fails.,5.85E-02,Simulation Static 2 fails.,6.04E-02,2.67E-02,6.37E-02,1.70E-02,8.97E-02,7.60E-02,Simulation Static 2 fails.,8.45E-03,5.41E-03,1.67E-03,3.56E-03,0.00E+00,7.77E-04,2.44E-02,3.41E-01,Simulation Static 2 fails.,3.09E-02,1.59E-01,1.60E-02,1.56E-03,Simulation Static 2 fails.,1.69E-04,2.09E-03,7.82E-03,Simulation Static 2 fails.,2.35E-02,3.00E-01,2.36E-01,8.84E-03,6.65E-02,2.54E-03,1.54E-02,4.37E-02,1.99E-02,6.96E-02,2.62E-03,6.68E-03,9.02E-03,2.54E-01,6.64E-02,2.23E-02,Simulation Static 2 fails.,3.05E-02,5.72E-01,8.26E-03,9.08E-03,9.04E-02,5.79E-02,2.87E-03,1.07E-02,3.61E-04,7.44E-03,Simulation Static 2 fails.,9.79E-03,0.00E+00,Simulation Static 2 fails.,8.90E-03,5.72E-04,1.15E-01,1.37E+00,2.81E-02,5.36E-04,8.84E-04,2.72E-01,3.54E-02,1.69E-02,1.03E-01,5.55E-02,1.60E-02,1.41E-03,1.08E-02,8.07E-02,2.58E-01,6.62E-02,5.11E-01,4.31E-02,6.01E-02,1.92E-02,2.42E-03,1.71E-01,3.77E-02,5.95E-02,1.81E-03,9.06E-02,9.33E-02,4.93E-02,9.61E-01,1.30E-03,1.74E-01,1.78E-03,4.29E-02,1.15E-02,1.88E-03,3.17E-02,5.21E-02,2.44E-02,Simulation Static 2 fails.,Simulation Static 2 fails.,6.85E-04,1.44E-01,8.45E-02,2.44E-02,Simulation Static 2 fails.,2.34E-02,3.22E-03,3.77E-02,6.56E-04,2.60E-02,1.54E-01,1.01E-02
Handle_X,Minimize, in,3.73E-01,-5.53E+00,8.83E-03,2.21E-01,1.91E-02,3.60E-01,Simulation Static 2 fails.,4.93E-03,2.08E-02,4.11E-02,1.86E-03,8.85E-03,Simulation Static 2 fails.,4.30E-03,1.78E-03,9.34E-03,5.70E-02,1.06E-03,2.34E-02,Simulation Static 2 fails.,1.70E-01,7.98E-03,9.67E-03,3.78E-02,8.93E-03,1.49E-01,8.72E-03,4.91E-02,1.49E-01,1.04E-01,2.97E-03,7.92E-02,1.15E-02,5.38E-02,1.01E-02,1.61E-02,2.39E-03,5.75E-02,2.75E-01,3.96E-02,4.02E-02,-1.14E-01,4.24E-02,7.52E-03,2.04E-01,1.15E-02,3.42E-02,9.99E-02,7.11E-03,4.67E-02,5.62E-02,1.53E-02,3.26E-03,9.62E-03,5.79E-02,3.07E-02,2.86E-02,2.42E-02,8.90E-03,1.68E-02,7.97E-02,7.25E-02,9.06E-03,Simulation Static 2 fails.,4.41E-02,3.70E-02,2.10E-03,1.98E-02,2.48E-03,1.38E-01,1.02E-02,1.76E-02,1.01E-01,1.21E-02,2.06E-03,-1.09E-01,Simulation Static 2 fails.,6.39E-02,2.48E-02,2.77E-01,2.49E-02,Simulation Static 2 fails.,3.24E-02,1.20E-02,3.66E-02,8.48E-03,3.23E-02,1.33E-02,Simulation Static 2 fails.,Simulation Static 2 fails.,1.08E-01,Simulation Static 2 fails.,2.44E-01,1.44E-02,3.75E-02,3.23E-02,4.40E-02,2.06E-01,Simulation Static 2 fails.,5.61E-02,2.95E-01,6.04E-03,4.06E-02,-5.53E+00,2.42E-01,1.93E-02,8.12E-02,Simulation Static 2 fails.,4.26E-03,1.41E-01,2.34E-02,2.51E-03,Simulation Static 2 fails.,1.09E-02,5.34E-03,2.25E-02,Simulation Static 2 fails.,7.41E-02,1.54E-02,3.69E-02,1.39E-02,5.54E-02,1.92E-02,8.78E-03,2.21E-04,2.94E-02,8.34E-03,4.47E-03,2.96E-03,8.34E-04,6.12E-02,2.43E-02,1.39E-01,Simulation Static 2 fails.,1.95E-02,2.22E-01,1.90E-02,1.07E-01,6.33E-05,9.59E-02,5.28E-02,7.37E-02,1.47E-02,3.40E-02,Simulation Static 2 fails.,1.05E-02,9.65E-02,Simulation Static 2 fails.,6.94E-04,1.28E-01,1.39E-02,5.34E-01,1.45E-02,1.91E-03,5.03E-02,3.37E-02,9.48E-03,3.49E-02,7.77E-02,3.38E-02,1.63E-02,9.50E-01,6.40E-04,7.02E-02,2.72E-01,1.74E-02,1.96E-01,1.06E-02,1.54E-02,1.57E-02,4.19E-03,1.49E-02,1.30E-01,2.66E-02,1.99E-02,1.96E-01,3.16E-01,1.29E-02,4.21E-02,2.51E-02,2.45E-02,5.85E-02,2.76E-02,3.10E-02,1.15E-02,4.54E-03,2.61E-01,5.28E-02,Simulation Static 2 fails.,Simulation Static 2 fails.,7.35E-03,4.35E-01,8.62E-02,6.48E-03,Simulation Static 2 fails.,3.20E-03,9.31E-03,1.48E-02,5.19E-03,1.37E-01,8.21E-03,8.17E-02
Handle_Y,Minimize, in,-8.40E-03,4.67E-02,-1.31E-01,9.46E-04,-1.09E-03,-3.09E-01,Simulation Static 2 fails.,1.14E-02,-1.97E-02,-3.48E-02,-6.51E-04,-1.44E-01,Simulation Static 2 fails.,-9.09E-02,-3.15E-01,-3.31E-01,2.87E-03,-4.61E-02,-1.76E-03,Simulation Static 2 fails.,-4.56E-02,-5.71E-03,-1.79E-02,-2.07E-02,2.19E-04,3.16E-03,-2.17E-03,-1.86E-02,2.86E-03,2.26E-02,-1.24E-02,-2.60E-02,1.12E-03,5.62E-03,-8.05E-03,-6.37E-03,-1.89E-02,-2.58E-02,1.35E-03,-6.85E-02,-4.15E-02,-5.08E-03,-4.79E-03,-2.48E-02,3.42E-03,-4.69E-02,-3.66E-02,-6.14E-02,-7.21E-03,-1.58E-01,7.96E-04,-2.32E-02,-1.83E-02,-2.85E-03,-1.00E-02,-8.17E-03,-1.99E-02,-5.36E-02,-1.43E-02,-1.05E-01,1.14E-02,-2.91E-01,-6.79E-02,Simulation Static 2 fails.,2.50E-03,-1.53E-02,-6.85E-03,-2.02E-02,1.09E-03,-7.63E-02,-1.28E-01,-1.04E-02,-1.74E-02,-2.39E-02,-3.18E-04,-4.83E-03,Simulation Static 2 fails.,4.36E-04,1.59E-03,7.17E-03,-8.24E-05,Simulation Static 2 fails.,-4.40E-03,-2.35E-03,-1.14E-01,-6.28E-03,-4.79E-02,-8.23E-03,Simulation Static 2 fails.,Simulation Static 2 fails.,-2.66E-02,Simulation Static 2 fails.,-2.47E-02,-1.25E-02,-3.07E-02,-7.31E-03,-4.39E-02,-3.28E-02,Simulation Static 2 fails.,-2.39E-03,8.78E-03,1.48E-03,-3.28E-04,4.67E-02,5.15E-03,-1.17E-02,-1.65E-01,Simulation Static 2 fails.,-1.53E-02,-7.59E-02,-7.22E-03,-3.57E-04,Simulation Static 2 fails.,3.60E-04,-7.66E-04,-3.18E-03,Simulation Static 2 fails.,1.35E-02,-1.49E-01,-1.18E-01,-3.68E-03,-3.17E-02,2.91E-03,8.55E-03,-2.17E-02,-8.30E-03,-3.45E-02,-9.57E-04,-2.91E-03,-4.36E-03,-1.24E-01,-3.15E-02,-8.91E-03,Simulation Static 2 fails.,-1.44E-02,-2.84E-01,-3.23E-03,-1.60E-03,-4.52E-02,-2.65E-02,4.26E-03,-3.44E-03,6.72E-04,-2.56E-03,Simulation Static 2 fails.,-4.38E-03,8.17E-03,Simulation Static 2 fails.,-4.08E-03,5.62E-03,-5.70E-02,-6.64E-01,-1.33E-02,8.76E-04,9.39E-04,-1.35E-01,-1.69E-02,-7.48E-03,-4.86E-02,-2.69E-02,-7.32E-03,1.33E-02,5.73E-03,-3.70E-02,1.35E-01,-3.26E-02,-2.54E-01,-1.99E-02,-2.94E-02,-9.22E-03,-8.15E-04,-8.49E-02,-1.50E-02,-2.86E-02,3.10E-05,-4.05E-02,-3.90E-02,-2.28E-02,-4.79E-01,1.49E-03,-8.66E-02,3.20E-03,-2.05E-02,-4.07E-03,-5.83E-04,-1.56E-02,-2.29E-02,1.39E-02,Simulation Static 2 fails.,Simulation Static 2 fails.,7.24E-04,8.29E-02,-4.04E-02,-1.20E-02,Simulation Static 2 fails.,-1.16E-02,-1.36E-03,-1.79E-02,6.24E-04,-9.86E-03,-7.65E-02,-2.68E-03
Handle_Z,Minimize, in,-1.89E-02,-5.20E-02,-3.81E-02,-7.46E-03,-2.23E-03,-2.99E-02,Simulation Static 2 fails.,-5.22E-03,-6.34E-03,-9.51E-03,-5.60E-04,-3.16E-02,Simulation Static 2 fails.,-3.07E-02,-5.69E-02,-9.80E-02,-4.42E-03,-7.84E-03,-1.02E-03,Simulation Static 2 fails.,-2.59E-02,-7.73E-04,-2.78E-03,-6.50E-03,-2.51E-03,-1.12E-02,-2.32E-03,-4.44E-03,-9.48E-03,-5.94E-03,-2.20E-03,-1.06E-02,-3.07E-03,-3.93E-03,-4.10E-03,-2.26E-03,-6.95E-03,-3.90E-03,-1.26E-02,-9.62E-03,-9.00E-03,6.06E-03,-1.94E-03,-7.38E-03,-1.07E-02,-9.29E-03,-8.95E-03,-2.31E-02,-1.76E-03,-3.23E-02,-1.80E-03,-3.67E-03,-5.53E-03,-5.85E-04,-5.89E-03,-7.23E-04,-4.29E-03,-5.80E-03,-2.80E-03,-2.37E-02,-2.25E-03,-6.91E-02,-1.74E-02,Simulation Static 2 fails.,-2.40E-03,-3.24E-03,-1.34E-03,-3.29E-03,-1.52E-03,-1.13E-02,-3.83E-02,-1.82E-03,-8.92E-03,-7.84E-03,-9.65E-04,5.34E-03,Simulation Static 2 fails.,-2.35E-03,-7.56E-04,-1.84E-02,-4.51E-04,Simulation Static 2 fails.,-5.17E-03,-5.70E-04,-2.06E-02,-1.63E-03,-9.49E-03,-8.60E-04,Simulation Static 2 fails.,Simulation Static 2 fails.,-5.27E-03,Simulation Static 2 fails.,-1.45E-02,-7.69E-03,-9.60E-03,-1.87E-03,-5.05E-03,-2.27E-02,Simulation Static 2 fails.,-2.60E-03,-1.34E-02,-2.83E-03,-6.61E-03,-5.20E-02,-1.01E-02,-1.84E-03,-3.90E-02,Simulation Static 2 fails.,-2.02E-03,-3.16E-02,-1.95E-03,-1.66E-03,Simulation Static 2 fails.,-3.10E-04,-8.00E-04,-9.16E-04,Simulation Static 2 fails.,-1.65E-03,-4.53E-02,-1.71E-02,-2.31E-03,-1.12E-02,-5.10E-03,-3.65E-03,-6.75E-03,-2.42E-03,-7.81E-03,-6.62E-04,-3.06E-03,-1.26E-03,-2.39E-02,-7.40E-03,-3.07E-03,Simulation Static 2 fails.,-4.37E-03,-4.68E-02,-4.31E-03,-5.37E-03,-1.13E-02,-8.56E-03,-8.30E-03,-1.33E-03,-2.61E-04,-1.41E-03,Simulation Static 2 fails.,-1.98E-03,-1.51E-02,Simulation Static 2 fails.,-1.76E-03,-9.37E-03,-1.23E-02,-2.32E-01,-1.95E-03,-1.95E-03,-1.68E-03,-3.46E-02,-4.53E-03,-1.35E-03,-1.49E-02,-4.05E-03,-2.05E-03,-9.86E-02,-1.40E-03,-9.54E-03,-4.16E-02,-5.33E-03,-4.69E-02,-9.02E-03,-9.83E-03,-2.38E-04,-1.32E-03,-1.88E-02,-7.45E-03,-9.52E-03,-2.21E-03,-1.69E-02,-1.48E-02,-1.09E-02,-8.72E-02,-2.56E-03,-1.03E-02,-2.87E-03,-6.89E-03,-2.32E-03,-1.61E-04,-3.36E-03,-8.06E-03,-2.56E-03,Simulation Static 2 fails.,Simulation Static 2 fails.,-8.03E-04,-2.76E-02,-5.60E-03,-3.16E-03,Simulation Static 2 fails.,-1.28E-03,-4.32E-04,-1.82E-03,-1.30E-03,-6.79E-03,-2.25E-02,-7.75E-03
